/*
SQLyog 企业版 - MySQL GUI v8.14 
MySQL - 5.7.21-log : Database - yun
*********************************************************************
*/


/*!40101 SET NAMES utf8 */;

/*!40101 SET SQL_MODE=''*/;

/*!40014 SET @OLD_UNIQUE_CHECKS=@@UNIQUE_CHECKS, UNIQUE_CHECKS=0 */;
/*!40014 SET @OLD_FOREIGN_KEY_CHECKS=@@FOREIGN_KEY_CHECKS, FOREIGN_KEY_CHECKS=0 */;
/*!40101 SET @OLD_SQL_MODE=@@SQL_MODE, SQL_MODE='NO_AUTO_VALUE_ON_ZERO' */;
/*!40111 SET @OLD_SQL_NOTES=@@SQL_NOTES, SQL_NOTES=0 */;
CREATE DATABASE /*!32312 IF NOT EXISTS*/`yun` /*!40100 DEFAULT CHARACTER SET utf8mb4 */;

USE `yun`;

/*Table structure for table `sys_permission` */

DROP TABLE IF EXISTS `sys_permission`;

CREATE TABLE `sys_permission` (
  `id` varchar(64) NOT NULL COMMENT '主键id',
  `parentId` varchar(64) DEFAULT NULL COMMENT '父id',
  `name` varchar(50) NOT NULL COMMENT '名称',
  `css` varchar(30) DEFAULT NULL COMMENT 'css样式',
  `href` varchar(255) DEFAULT NULL COMMENT '菜单url对应的路径',
  `type` int(1) NOT NULL COMMENT '权限类型：1：菜单 2：按钮',
  `permission` varchar(1000) DEFAULT NULL COMMENT '权限的路径',
  `sort` int(4) NOT NULL COMMENT '排序',
  `createTime` timestamp NULL DEFAULT NULL COMMENT '创建时间',
  `updateTime` timestamp NULL DEFAULT NULL COMMENT '更新时间',
  PRIMARY KEY (`id`)
) ENGINE=InnoDB DEFAULT CHARSET=utf8mb4 COMMENT='权限资源表';

/*Data for the table `sys_permission` */

insert  into `sys_permission`(`id`,`parentId`,`name`,`css`,`href`,`type`,`permission`,`sort`,`createTime`,`updateTime`) values ('11','8','删除','','',2,'/api-user/permissions/deletePermission/*',100,NULL,NULL),('3','2','查询','','',2,'/api-user/users/query/**',100,NULL,NULL),('399162900243419136','0','系统门店',NULL,'/',1,'1',1,'2018-01-06 11:30:51','2018-01-09 15:13:16'),('399164461619220480','399162900243419136','首页',NULL,'/storeindex',1,'/api-raypic/repic/order/*,/api-raypic/repic/Appointment/*',10,'2018-01-06 11:37:03','2018-01-19 14:52:33'),('399166870064074752','399162900243419136','订单列表',NULL,'/orderlist',1,'/api-raypic/repic/order/getShopStatByShopIdMonth,/api-raypic/raypic/org/*,/api-raypic/repic/order/getOrderlistByShopId',11,'2018-01-06 11:46:37','2018-01-19 14:53:13'),('399172578822197248','0','工作任务',NULL,'/rindex',1,'1',2,'2018-01-06 12:09:19','2018-03-03 12:15:22'),('399173009694658560','399162900243419136','预约配置',NULL,'/bespeak',1,'/api-raypic/repic/Appointment/getAppointmentListByShopIdMonth',12,'2018-01-06 12:11:01','2018-01-19 14:55:21'),('399173187671560192','399162900243419136','交易管理',NULL,'/transaction',1,'/api-raypic/repic/account/getAccountByIdOrShopId,/api-raypic/repic/account/getFlowByAccount',13,'2018-01-06 12:11:44','2018-01-19 14:56:09'),('399174321123495936','399172578822197248','订单管理',NULL,'/rorder',1,'/api-raypic/repic/order/getOrderlistByProcessState,/api-raypic/raypic/manufacturer/initManufacturersByPage',21,'2018-01-06 12:16:14','2018-02-28 15:11:33'),('399174573297635328','399172578822197248','门店管理',NULL,'/store',1,'/api-raypic/raypic/shop/initShopsByPage',22,'2018-01-06 12:17:14','2018-01-19 14:57:42'),('399174852751527936','399172578822197248','单品配置',NULL,'/price',1,'/api-raypic/repic/photo/getPhotoSkus',23,'2018-01-06 12:18:21','2018-01-19 14:57:32'),('399174986885369856','399172578822197248','套餐配置',NULL,'/meat',1,'/api-raypic/repic/photo/getPhotoMeals',24,'2018-01-06 12:18:53','2018-01-19 14:57:24'),('399175176526630912','399172578822197248','制作方管理',NULL,'/recipe',1,'/api-raypic/raypic/manufacturer/initManufacturersByPage',25,'2018-01-06 12:19:38','2018-01-19 14:57:14'),('399175547571539968','399172578822197248','任务主题配置',NULL,'/catena',1,'/api-raypic/set/searchSets',26,'2018-01-06 12:21:06','2018-01-19 14:57:03'),('399175707890421760','399172578822197248','交易管理',NULL,'/rtransaction',1,'/api-raypic/repic/account/getAccountByIdOrShopId,/api-raypic/repic/account/getFlowByAccount',27,'2018-01-06 12:21:45','2018-01-19 14:56:48'),('399175900299923456','0','制作管理',NULL,'/porder',1,'1',3,'2018-01-06 12:22:30','2018-01-10 10:56:01'),('399176794743640064','0','权限管理',NULL,'/auser',1,'1',4,'2018-01-06 12:26:04','2018-01-16 16:14:45'),('399176963891531776','399176794743640064','用户管理',NULL,'/auser',1,'/api-user/users/query/getAllUsers',41,'2018-01-06 12:26:44','2018-01-19 14:58:56'),('399177069269225472','399176794743640064','修改密码',NULL,'/apassword',1,'/api-user/permissions/getCurrentPermissions/*,/api-user/users/query/getUserById/*,/api-user/users/changePassword',42,'2018-01-06 12:27:09','2018-01-19 14:59:33'),('399177176777625600','399176794743640064','菜单管理',NULL,'/amenu',1,'/api-user/permissions/getCurrentPermissions/*,/api-user/permissions/query/getPermissionsList',44,'2018-01-06 12:27:35','2018-01-19 14:59:06'),('399177285426876416','399176794743640064','角色管理',NULL,'/arole',1,'/api-user/permissions/getCurrentPermissions/*,/api-user/roles/query/getAllRoles',43,'2018-01-06 12:28:01','2018-01-19 14:59:22'),('399186460093583360','399175900299923456','订单列表',NULL,'/porder',1,'/api-user/permissions/getCurrentPermissions/*,/api-raypic/raypic/manufacturer/searchOrdersForManufacturerPage,/api-raypic/raypic/org/getOrgInfoByUserId',31,'2018-01-06 13:04:28','2018-01-19 14:58:39'),('4','2','新增','','',2,'/api-user/users/add/*',100,NULL,NULL),('400222178903461888','399166870064074752','新增订单',NULL,'1',2,'/api-raypic/repic/order/saveOrderInfo',100,'2018-01-09 09:40:03','2018-01-16 16:38:10'),('400243287208103936','399166870064074752','到店',NULL,'1',2,'/api-raypic/repic/order/updateOrderState',100,'2018-01-09 11:03:55','2018-01-16 16:38:04'),('400256561072967680','399166870064074752','任务结束',NULL,'1',2,'/api-raypic/repic/order/updateOrderState',100,'2018-01-09 11:56:40','2018-01-16 16:37:55'),('400256653712560128','399166870064074752','选片',NULL,'1',2,'/api-raypic/repic/order/*,/api-raypic/raypic/org/*',100,'2018-01-09 11:57:02','2018-01-16 16:37:48'),('400257104470216704','399166870064074752','收货',NULL,'1',2,'/api-raypic/repic/order/updateOrderState',100,'2018-01-09 11:58:50','2018-01-16 16:37:36'),('400257266898833408','399166870064074752','订单完成',NULL,'1',2,'/api-raypic/repic/order/updateOrderState',100,'2018-01-09 11:59:28','2018-01-16 16:37:25'),('400257327997259776','399166870064074752','订单取消',NULL,'1',2,'/api-raypic/repic/order/deleteOrderInfo',100,'2018-01-09 11:59:43','2018-01-16 16:37:16'),('400584921808506880','399173009694658560','批量预约配置',NULL,'1',2,'/api-raypic/repic/Appointment/saveAppoinmentInfo',100,'2018-01-10 09:41:27','2018-01-16 16:38:31'),('400585359064698880','399173187671560192','充值',NULL,'1',2,'/api-raypic/raypic/org/getOrgInfoByUserId,/api-raypic/repic/account/getAccountByIdOrShopId,/api-raypic/repic/account/getFlowByAccount,/api-raypic/raypic/org/getOrgInfoByUserId,http://pan.baidu.com/share/qrcode',100,'2018-01-10 09:43:12','2018-01-16 16:38:52'),('400585461934198784','399174321123495936','审核内容',NULL,'1',2,'/api-raypic/repic/order/getOrderDetailsByOrderCode',100,'2018-01-10 09:43:36','2018-01-16 16:39:40'),('400585544373243904','399174321123495936','分配制作方',NULL,'1',2,'/api-raypic/repic/order/allotOrderToManufacturer,/api-raypic/repic/order/getOrderlistByProcessState,/api-raypic/raypic/org/getOrgInfoByUserId, /api-raypic/raypic/manufacturer/initManufacturersByPage',100,'2018-01-10 09:43:56','2018-01-16 16:39:31'),('400585766805573632','399174573297635328','新增门店',NULL,'1',2,'/api-raypic/raypic/shop/newShop',100,'2018-01-10 09:44:49','2018-01-16 16:40:23'),('400585859331919872','399174573297635328','编辑',NULL,'1',2,'/api-raypic/raypic/shop/editShop,/api-raypic/raypic/shop/getShopById,/api-raypic/raypic/shop/initShopsByPage',100,'2018-01-10 09:45:11','2018-01-16 16:40:15'),('400585952999116800','399174573297635328','删除',NULL,'1',2,'/api-raypic/raypic/shop/deleteShop,/api-raypic/raypic/shop/initShopsByPage',100,'2018-01-10 09:45:33','2018-01-16 16:40:06'),('400586203742998528','399174852751527936','新增新样式',NULL,'1',2,'/api-raypic/product/savePhotoSkuInfo',100,'2018-01-10 09:46:33','2018-01-16 16:41:00'),('400586302980231168','399174852751527936','编辑',NULL,'1',2,'/api-raypic/product/getPhotoSkuById,/api-raypic/product/updatePhotoSkuInfo',100,'2018-01-10 09:46:57','2018-01-16 16:40:53'),('400586394340560896','399174852751527936','删除',NULL,'1',2,'/api-raypic/product/deletePhotoSkuInfo',100,'2018-01-10 09:47:18','2018-01-16 16:40:40'),('400586559092822016','399174986885369856','添加新套餐',NULL,'1',2,'/api-raypic/product/savePhotoMealInfo',100,'2018-01-10 09:47:58','2018-01-16 16:41:31'),('400586648213393408','399174986885369856','删除',NULL,'1',2,'/api-raypic/product/deletePhotoMealsInfo',100,'2018-01-10 09:48:19','2018-01-16 16:41:24'),('400586833551298560','399175176526630912','添加制作方',NULL,'1',2,'/api-raypic/raypic/manufacturer/newManufacturer',100,'2018-01-10 09:49:03','2018-01-16 16:42:29'),('400586926861979648','399175176526630912','查询',NULL,'1',2,'/api-raypic/raypic/manufacturer/searchManufacturers',100,'2018-01-10 09:49:25','2018-01-16 16:42:13'),('400587463170854912','399175547571539968','新增主题',NULL,'1',2,'/api-oss/oss/themeImgUpload,/api-raypic/set/saveSetInfo',100,'2018-01-10 09:51:33','2018-01-18 09:48:22'),('400587646910730240','399175547571539968','编辑',NULL,'1',2,'/api-raypic/set/getSetBySetId,/api-raypic/set/updateSetInfo,/api-oss/oss/themeImgUpload',100,'2018-01-10 09:52:17','2018-01-18 09:47:58'),('400588283140509696','399175547571539968','删除',NULL,'1',2,'/api-raypic/set/deleteSetInfo',100,'2018-01-10 09:54:49','2018-01-18 09:47:42'),('400588932683010048','399175547571539968','背景参数设置',NULL,'1',2,'/api-raypic/set/getSetBySetId,/api-raypic/set/getSetBackgrounds',100,'2018-01-10 09:57:24','2018-01-18 09:47:30'),('400589004657266688','399175547571539968','发布',NULL,'1',2,'/api-raypic/set/updateSetInfo',100,'2018-01-10 09:57:41','2018-01-16 16:47:33'),('400589455981154304','399175707890421760','明细详情',NULL,'1',2,'/api-raypic/repic/account/searchFlows',100,'2018-01-10 09:59:28','2018-01-16 16:43:01'),('400591318583480320','399186460093583360','下载psd',NULL,'1',2,'/api-raypic/repic/order/updateOrderState,/api-raypic/repic/order/getOrderDetailsByOrderCode,/api-raypic/repic/order/getOrderDetailSelectGraphs',1,'2018-01-10 10:06:52','2018-01-12 15:10:50'),('400592538798788608','399186460093583360','制作完成',NULL,'1',2,'/api-raypic/repic/order/updateOrderState',2,'2018-01-10 10:11:43','2018-01-12 15:18:37'),('400592757573685248','399186460093583360','发货',NULL,'1',2,'/api-raypic/repic/order/updateOrderState',100,'2018-01-10 10:12:36','2018-01-16 16:48:11'),('400593503203495936','399176963891531776','新增用户',NULL,'1',2,'/api-user/roles/query/getAllRoles,/api-raypic/raypic/shop/initShopsByPage,/api-raypic/raypic/manufacturer/initManufacturersByPage,/api-user/users/add/saveUser',100,'2018-01-10 10:15:33','2018-01-18 09:50:36'),('400593576545095680','399176963891531776','编辑',NULL,'1',2,'/api-user/roles/query/getAllRoles,/api-raypic/raypic/org/getOrgInfoByUserId,/api-raypic/raypic/shop/initShopsByPage,/api-raypic/raypic/manufacturer/initManufacturersByPage,/api-user/roles/query/getRolesByUserId/*',100,'2018-01-10 10:15:51','2018-01-18 09:49:45'),('400594440936624128','399177176777625600','新增',NULL,'1',2,'/api-user/permissions/savePermission',100,'2018-01-10 10:19:17','2018-01-16 16:45:12'),('400600539035209728','399177176777625600','编辑',NULL,'2',2,'/api-user/permissions/query/getPermissionById/*,/api-user/permissions/updatePermission',100,'2018-01-10 10:43:31','2018-01-16 16:44:58'),('400600805755195392','399177176777625600','删除',NULL,'1',2,'/api-user/permissions/deletePermission/*',100,'2018-01-10 10:44:34','2018-01-16 16:44:48'),('400601031152898048','399177285426876416','新增角色',NULL,'1',2,'/api-user/permissions/query/getAllpermissionsTree,/api-user/roles/saveRole',100,'2018-01-10 10:45:28','2018-01-18 09:50:01'),('400601115185778688','399177285426876416','编辑',NULL,'1',2,'/api-user/permissions/query/getPermissionsByRoleId/*,/api-user/permissions/query/getAllpermissionsTree,/api-user/roles/query/getRoleById/*,/api-user/roles/saveRole',100,'2018-01-10 10:45:48','2018-01-16 16:45:50'),('400601189810835456','399177285426876416','删除',NULL,'1',2,'/api-user/roles/deleteRoleById/*',100,'2018-01-10 10:46:06','2018-01-16 16:45:35'),('401320770825228288','399174321123495936','查询',NULL,'1',2,'/api-raypic/repic/order/searchOrders',100,'2018-01-12 10:25:27','2018-01-16 16:39:18'),('401321555353014272','399175176526630912','编辑',NULL,'1',2,'/api-raypic/raypic/manufacturer/getManufacturerById,/api-raypic/raypic/manufacturer/editManufacturer,/api-raypic/raypic/manufacturer/initManufacturersByPage',100,'2018-01-12 10:28:34','2018-01-16 16:42:01'),('401322304266964992','399175176526630912','删除',NULL,'1',2,'/api-raypic/raypic/manufacturer/deleteManufacturer',100,'2018-01-12 10:31:33','2018-01-16 16:41:48'),('401328520078692352','399175547571539968','新增参数',NULL,'1',2,'/api-raypic/set/getSetLampParamsByModeType,/api-oss/oss/themeImgUpload,/api-raypic/set/saveSetBackground',100,'2018-01-12 10:56:15','2018-01-18 09:47:20'),('401330226975870976','399175547571539968','删除摄影主题背景参数配置',NULL,'1',2,'/api-raypic/set/deleteSetBackground',100,'2018-01-12 11:03:02','2018-01-18 09:47:08'),('401333100426432512','399175707890421760','搜索',NULL,'1',2,'/api-raypic/repic/account/searchAccounts',100,'2018-01-12 11:14:27','2018-01-16 16:43:21'),('416964647183585280','399172578822197248','首页',NULL,'/rindex',1,'/api-user/permissions/query/getPermissionsList,/api-raypic/repic/order/searchOrders,/api-user/permissions/getCurrentPermissions/*',20,'2018-02-24 14:28:38','2018-02-28 15:11:12'),('419483052415520768','399172578822197248','成本管理',NULL,'/rcostmge',1,'1',28,'2018-03-03 13:15:53','2018-03-03 13:16:17'),('9','8','查询','','',2,'/api-user/permissions/query/**',100,NULL,NULL);

/*Table structure for table `sys_role` */

DROP TABLE IF EXISTS `sys_role`;

CREATE TABLE `sys_role` (
  `id` varchar(64) NOT NULL COMMENT '主键id',
  `name` varchar(255) NOT NULL COMMENT '角色名称',
  `description` varchar(255) DEFAULT NULL COMMENT '就是描述',
  `createTime` timestamp NULL DEFAULT NULL COMMENT '创建时间',
  `updateTime` timestamp NULL DEFAULT NULL COMMENT '更新时间',
  PRIMARY KEY (`id`)
) ENGINE=InnoDB DEFAULT CHARSET=utf8mb4 COMMENT='角色表';

/*Data for the table `sys_role` */

insert  into `sys_role`(`id`,`name`,`description`,`createTime`,`updateTime`) values ('399189939004510208','门店','门店','2018-01-10 10:46:23','2018-01-22 10:57:28'),('399190049092407296','超级管理员','管理审核','2018-01-06 13:18:44','2018-03-03 13:16:51'),('399964761359781888','管理员','管理员','2018-01-08 16:37:10','2018-02-24 14:55:42'),('400601259989929984','制作公司','制作公司','2018-01-10 10:46:23','2018-01-20 11:57:44'),('406508755774476288','门店操作员','门店操作员','2018-01-26 18:00:39','2018-01-26 18:02:56'),('418438827427106816','设计部','设计师使用','2018-02-28 16:06:30','2018-03-06 14:06:35'),('420584182256111616','运营部','运营管理','2018-03-06 14:11:23',NULL),('420587003495976960','采购部','采购管理','2018-03-06 14:22:35',NULL),('420587464630341632','行政部','行政文员','2018-03-06 14:24:25',NULL),('420587791769276416','销售部','销售管理','2018-03-06 14:25:43',NULL);

/*Table structure for table `sys_role_permission` */

DROP TABLE IF EXISTS `sys_role_permission`;

CREATE TABLE `sys_role_permission` (
  `roleId` varchar(64) NOT NULL COMMENT '关联sys_role表id',
  `permissionId` varchar(64) NOT NULL COMMENT '关联sys_permission表id',
  PRIMARY KEY (`roleId`,`permissionId`)
) ENGINE=InnoDB DEFAULT CHARSET=utf8mb4;

/*Data for the table `sys_role_permission` */

insert  into `sys_role_permission`(`roleId`,`permissionId`) values ('1','11'),('1','14'),('1','15'),('1','17'),('1','18'),('1','2'),('1','23'),('1','25'),('1','28'),('1','3'),('1','31'),('1','4'),('1','8'),('1','9'),('2','11'),('2','14'),('2','15'),('2','17'),('2','18'),('2','2'),('2','23'),('2','25'),('2','3'),('2','31'),('2','36'),('2','4'),('2','8'),('2','9'),('398898613948125184','2'),('399166185432027136','399164461619220480'),('399186829695651840','399174573297635328'),('399186829695651840','399174852751527936'),('399186829695651840','399175707890421760'),('399187438956056576','399164461619220480'),('399187438956056576','399166870064074752'),('399187438956056576','399173009694658560'),('399187438956056576','399173187671560192'),('399187607931981824','399164461619220480'),('399187607931981824','399166870064074752'),('399187607931981824','399173009694658560'),('399187607931981824','399173187671560192'),('399189939004510208','399162900243419136'),('399189939004510208','399164461619220480'),('399189939004510208','399166870064074752'),('399189939004510208','399173009694658560'),('399189939004510208','399173187671560192'),('399189939004510208','399176794743640064'),('399189939004510208','399177069269225472'),('399189939004510208','400222178903461888'),('399189939004510208','400243287208103936'),('399189939004510208','400256561072967680'),('399189939004510208','400256653712560128'),('399189939004510208','400257104470216704'),('399189939004510208','400257266898833408'),('399189939004510208','400257327997259776'),('399189939004510208','400584921808506880'),('399189939004510208','400585359064698880'),('399190049092407296','399172578822197248'),('399190049092407296','399174321123495936'),('399190049092407296','399174573297635328'),('399190049092407296','399174852751527936'),('399190049092407296','399174986885369856'),('399190049092407296','399175176526630912'),('399190049092407296','399175547571539968'),('399190049092407296','399175707890421760'),('399190049092407296','399176794743640064'),('399190049092407296','399176963891531776'),('399190049092407296','399177069269225472'),('399190049092407296','399177176777625600'),('399190049092407296','399177285426876416'),('399190049092407296','400585461934198784'),('399190049092407296','400585544373243904'),('399190049092407296','400585766805573632'),('399190049092407296','400585859331919872'),('399190049092407296','400585952999116800'),('399190049092407296','400586203742998528'),('399190049092407296','400586302980231168'),('399190049092407296','400586394340560896'),('399190049092407296','400586559092822016'),('399190049092407296','400586648213393408'),('399190049092407296','400586833551298560'),('399190049092407296','400586926861979648'),('399190049092407296','400587463170854912'),('399190049092407296','400587646910730240'),('399190049092407296','400588283140509696'),('399190049092407296','400588932683010048'),('399190049092407296','400589004657266688'),('399190049092407296','400589455981154304'),('399190049092407296','400593503203495936'),('399190049092407296','400593576545095680'),('399190049092407296','400594440936624128'),('399190049092407296','400600539035209728'),('399190049092407296','400600805755195392'),('399190049092407296','400601031152898048'),('399190049092407296','400601115185778688'),('399190049092407296','400601189810835456'),('399190049092407296','401320770825228288'),('399190049092407296','401321555353014272'),('399190049092407296','401322304266964992'),('399190049092407296','401328520078692352'),('399190049092407296','401330226975870976'),('399190049092407296','401333100426432512'),('399190049092407296','416964647183585280'),('399190049092407296','419483052415520768'),('399190194970300416','399186460093583360'),('399922246686478336','399164461619220480'),('399922246686478336','399166870064074752'),('399922246686478336','399172578822197248'),('399922246686478336','399173009694658560'),('399922246686478336','399173187671560192'),('399922246686478336','399174321123495936'),('399922246686478336','399174573297635328'),('399922246686478336','399174852751527936'),('399922246686478336','399174986885369856'),('399922246686478336','399175176526630912'),('399922246686478336','399175547571539968'),('399922246686478336','399175707890421760'),('399922246686478336','399175900299923456'),('399922246686478336','399176794743640064'),('399922246686478336','399176963891531776'),('399922246686478336','399177069269225472'),('399922246686478336','399177176777625600'),('399922246686478336','399177285426876416'),('399922246686478336','399186460093583360'),('399922369868992512','399164461619220480'),('399922369868992512','399166870064074752'),('399922369868992512','399173009694658560'),('399922369868992512','399173187671560192'),('399922724346400768','399162900243419131'),('399922724346400768','399162900243419136'),('399922724346400768','399164461619220480'),('399922724346400768','399166870064074752'),('399922724346400768','399173009694658560'),('399922724346400768','399173187671560192'),('399923306608070656','399164461619220480'),('399923306608070656','399166870064074752'),('399923306608070656','399173009694658560'),('399923306608070656','399173187671560192'),('399953519698120704','399162900243419136'),('399953519698120704','399164461619220480'),('399953519698120704','399166870064074752'),('399953519698120704','399173009694658560'),('399953519698120704','399173187671560192'),('399958839421964288','399162900243419136'),('399958839421964288','399164461619220480'),('399958839421964288','399166870064074752'),('399958839421964288','399173009694658560'),('399958839421964288','399173187671560192'),('399958839421964288','399176963891531776'),('399958839421964288','399177069269225472'),('399964761359781888','399172578822197248'),('399964761359781888','399174321123495936'),('399964761359781888','399174573297635328'),('399964761359781888','399174852751527936'),('399964761359781888','399174986885369856'),('399964761359781888','399175176526630912'),('399964761359781888','399175547571539968'),('399964761359781888','399175707890421760'),('399964761359781888','399176794743640064'),('399964761359781888','399176963891531776'),('399964761359781888','399177069269225472'),('399964761359781888','399177176777625600'),('399964761359781888','399177285426876416'),('399964761359781888','400585461934198784'),('399964761359781888','400585544373243904'),('399964761359781888','400585766805573632'),('399964761359781888','400585859331919872'),('399964761359781888','400585952999116800'),('399964761359781888','400586203742998528'),('399964761359781888','400586302980231168'),('399964761359781888','400586394340560896'),('399964761359781888','400586559092822016'),('399964761359781888','400586648213393408'),('399964761359781888','400586833551298560'),('399964761359781888','400586926861979648'),('399964761359781888','400587463170854912'),('399964761359781888','400587646910730240'),('399964761359781888','400588283140509696'),('399964761359781888','400588932683010048'),('399964761359781888','400589004657266688'),('399964761359781888','400589455981154304'),('399964761359781888','400593503203495936'),('399964761359781888','400593576545095680'),('399964761359781888','400594440936624128'),('399964761359781888','400600539035209728'),('399964761359781888','400600805755195392'),('399964761359781888','400601031152898048'),('399964761359781888','400601115185778688'),('399964761359781888','400601189810835456'),('399964761359781888','401320770825228288'),('399964761359781888','401321555353014272'),('399964761359781888','401322304266964992'),('399964761359781888','401328520078692352'),('399964761359781888','401330226975870976'),('399964761359781888','401333100426432512'),('399964761359781888','416964647183585280'),('399966399747198976','399173187671560192'),('400601259989929984','399175900299923456'),('400601259989929984','399186460093583360'),('400601259989929984','400591318583480320'),('400601259989929984','400592538798788608'),('400601259989929984','400592757573685248'),('400633570781433856','399164461619220480'),('400651055652016128','399162900243419136'),('400651055652016128','399164461619220480'),('400651055652016128','399166870064074752'),('400651055652016128','399172578822197248'),('400651055652016128','399173009694658560'),('400651055652016128','399173187671560192'),('400651055652016128','399174321123495936'),('400651055652016128','399174573297635328'),('400651055652016128','399174852751527936'),('400651055652016128','399174986885369856'),('400651055652016128','399175176526630912'),('400651055652016128','399175547571539968'),('400651055652016128','399175707890421760'),('400651055652016128','399175900299923456'),('400651055652016128','399176794743640064'),('400651055652016128','399176963891531776'),('400651055652016128','399177069269225472'),('400651055652016128','399177176777625600'),('400651055652016128','399177285426876416'),('400651055652016128','399186460093583360'),('400651055652016128','400222178903461888'),('400651055652016128','400243287208103936'),('400651055652016128','400256561072967680'),('400651055652016128','400256653712560128'),('400651055652016128','400257104470216704'),('400651055652016128','400257266898833408'),('400651055652016128','400257327997259776'),('400651055652016128','400584921808506880'),('400651055652016128','400585359064698880'),('400651055652016128','400585461934198784'),('400651055652016128','400585544373243904'),('400651055652016128','400585766805573632'),('400651055652016128','400585859331919872'),('400651055652016128','400585952999116800'),('400651055652016128','400586203742998528'),('400651055652016128','400586302980231168'),('400651055652016128','400586394340560896'),('400651055652016128','400586559092822016'),('400651055652016128','400586648213393408'),('400651055652016128','400586833551298560'),('400651055652016128','400586926861979648'),('400651055652016128','400587463170854912'),('400651055652016128','400587646910730240'),('400651055652016128','400588283140509696'),('400651055652016128','400588932683010048'),('400651055652016128','400589004657266688'),('400651055652016128','400589455981154304'),('400651055652016128','400591318583480320'),('400651055652016128','400592538798788608'),('400651055652016128','400592757573685248'),('400651055652016128','400593503203495936'),('400651055652016128','400593576545095680'),('400651055652016128','400594440936624128'),('400651055652016128','400600539035209728'),('400651055652016128','400600805755195392'),('400651055652016128','400601031152898048'),('400651055652016128','400601115185778688'),('400651055652016128','400601189810835456'),('400734987970023424','399162900243419136'),('400734987970023424','399164461619220480'),('400734987970023424','399166870064074752'),('400734987970023424','399173009694658560'),('400734987970023424','399173187671560192'),('400734987970023424','400222178903461888'),('400734987970023424','400243287208103936'),('400734987970023424','400256561072967680'),('400734987970023424','400256653712560128'),('400734987970023424','400257104470216704'),('400734987970023424','400257266898833408'),('400734987970023424','400257327997259776'),('400734987970023424','400584921808506880'),('400734987970023424','400585359064698880'),('400737605802921984','399177069269225472'),('400972693371228160','399162900243419136'),('400972693371228160','399166870064074752'),('400972693371228160','400222178903461888'),('400975112255705088','399162900243419136'),('400975112255705088','399166870064074752'),('400975112255705088','399173009694658560'),('400975112255705088','400222178903461888'),('400975112255705088','400243287208103936'),('400975112255705088','400257327997259776'),('400975112255705088','400584921808506880'),('401311943081988096','399162900243419136'),('401311943081988096','399164461619220480'),('401385063113428992','399162900243419136'),('401385063113428992','399164461619220480'),('401385063113428992','399166870064074752'),('401385063113428992','400222178903461888'),('401385063113428992','400243287208103936'),('401385063113428992','400256561072967680'),('406508755774476288','399162900243419136'),('406508755774476288','399166870064074752'),('406508755774476288','399173009694658560'),('406508755774476288','399176794743640064'),('406508755774476288','399177069269225472'),('406508755774476288','400243287208103936'),('406508755774476288','400256561072967680'),('406508755774476288','400256653712560128'),('406508755774476288','400257104470216704'),('406508755774476288','400257266898833408'),('406508755774476288','400257327997259776'),('406508755774476288','400584921808506880'),('418438827427106816','399172578822197248'),('418438827427106816','399174321123495936'),('418438827427106816','399175547571539968'),('418438827427106816','399175900299923456'),('418438827427106816','399176794743640064'),('418438827427106816','399177069269225472'),('418438827427106816','399186460093583360'),('418438827427106816','400585461934198784'),('418438827427106816','400585544373243904'),('418438827427106816','400587463170854912'),('418438827427106816','400587646910730240'),('418438827427106816','400588283140509696'),('418438827427106816','400588932683010048'),('418438827427106816','400589004657266688'),('418438827427106816','400591318583480320'),('418438827427106816','401320770825228288'),('418438827427106816','401328520078692352'),('418438827427106816','401330226975870976'),('420584182256111616','399162900243419136'),('420584182256111616','399164461619220480'),('420584182256111616','399166870064074752'),('420584182256111616','399172578822197248'),('420584182256111616','399173009694658560'),('420584182256111616','399173187671560192'),('420584182256111616','399174321123495936'),('420584182256111616','399174573297635328'),('420584182256111616','399175707890421760'),('420584182256111616','399175900299923456'),('420584182256111616','399176794743640064'),('420584182256111616','399177069269225472'),('420584182256111616','399186460093583360'),('420584182256111616','400222178903461888'),('420584182256111616','400243287208103936'),('420584182256111616','400256561072967680'),('420584182256111616','400256653712560128'),('420584182256111616','400257104470216704'),('420584182256111616','400257266898833408'),('420584182256111616','400257327997259776'),('420584182256111616','400584921808506880'),('420584182256111616','400585359064698880'),('420584182256111616','400585461934198784'),('420584182256111616','400585544373243904'),('420584182256111616','400585766805573632'),('420584182256111616','400585859331919872'),('420584182256111616','400585952999116800'),('420584182256111616','400589455981154304'),('420584182256111616','400591318583480320'),('420584182256111616','400592538798788608'),('420584182256111616','400592757573685248'),('420584182256111616','401320770825228288'),('420584182256111616','401333100426432512'),('420584182256111616','416964647183585280'),('420587003495976960','399172578822197248'),('420587003495976960','399174852751527936'),('420587003495976960','399174986885369856'),('420587003495976960','399175176526630912'),('420587003495976960','399175900299923456'),('420587003495976960','399176794743640064'),('420587003495976960','399177069269225472'),('420587003495976960','399186460093583360'),('420587003495976960','400586203742998528'),('420587003495976960','400586302980231168'),('420587003495976960','400586394340560896'),('420587003495976960','400586559092822016'),('420587003495976960','400586648213393408'),('420587003495976960','400586833551298560'),('420587003495976960','400586926861979648'),('420587003495976960','400591318583480320'),('420587003495976960','400592538798788608'),('420587003495976960','400592757573685248'),('420587003495976960','401321555353014272'),('420587003495976960','401322304266964992'),('420587464630341632','399172578822197248'),('420587464630341632','399174573297635328'),('420587464630341632','399174852751527936'),('420587464630341632','399174986885369856'),('420587464630341632','399175176526630912'),('420587464630341632','399175547571539968'),('420587464630341632','399175707890421760'),('420587464630341632','399176794743640064'),('420587464630341632','399177069269225472'),('420587464630341632','400585766805573632'),('420587464630341632','400585859331919872'),('420587464630341632','400585952999116800'),('420587464630341632','400586203742998528'),('420587464630341632','400586302980231168'),('420587464630341632','400586394340560896'),('420587464630341632','400586559092822016'),('420587464630341632','400586648213393408'),('420587464630341632','400586833551298560'),('420587464630341632','400586926861979648'),('420587464630341632','400587463170854912'),('420587464630341632','400587646910730240'),('420587464630341632','400588283140509696'),('420587464630341632','400588932683010048'),('420587464630341632','400589004657266688'),('420587464630341632','400589455981154304'),('420587464630341632','401321555353014272'),('420587464630341632','401322304266964992'),('420587464630341632','401328520078692352'),('420587464630341632','401330226975870976'),('420587464630341632','401333100426432512'),('420587791769276416','399172578822197248'),('420587791769276416','399174573297635328'),('420587791769276416','399175707890421760'),('420587791769276416','399176794743640064'),('420587791769276416','399177069269225472'),('420587791769276416','400585766805573632'),('420587791769276416','400585859331919872'),('420587791769276416','400585952999116800'),('420587791769276416','400589455981154304'),('420587791769276416','401333100426432512');

/*Table structure for table `sys_role_user` */

DROP TABLE IF EXISTS `sys_role_user`;

CREATE TABLE `sys_role_user` (
  `userId` varchar(64) NOT NULL COMMENT '关联sys_user表id',
  `roleId` varchar(64) NOT NULL COMMENT '关联sys_role表id',
  PRIMARY KEY (`userId`,`roleId`)
) ENGINE=InnoDB DEFAULT CHARSET=utf8mb4;

/*Data for the table `sys_role_user` */

insert  into `sys_role_user`(`userId`,`roleId`) values ('1','399964761359781888'),('404927777939525632','399189939004510208'),('404927961733926912','400601259989929984'),('404928106412249088','399190049092407296'),('405028316069105664','399189939004510208'),('405045971878547456','420584182256111616'),('405046371541192704','418438827427106816'),('405397164576346112','399189939004510208'),('406508266160787456','406508755774476288'),('410826307237449728','400601259989929984'),('412655237003087872','418438827427106816'),('412655609109155840','418438827427106816'),('419135832063348736','418438827427106816'),('420577993967407104','399189939004510208'),('420588604105297920','420587791769276416'),('420588970226094080','420587003495976960'),('420589169078046720','420587464630341632');

/*Table structure for table `sys_user` */

DROP TABLE IF EXISTS `sys_user`;

CREATE TABLE `sys_user` (
  `id` varchar(64) NOT NULL COMMENT '主键id',
  `username` varchar(50) NOT NULL COMMENT '用户名',
  `password` varchar(60) NOT NULL COMMENT '密码',
  `nickname` varchar(255) DEFAULT NULL COMMENT '匿名',
  `headImgUrl` varchar(255) DEFAULT NULL COMMENT '头像url',
  `phone` varchar(11) DEFAULT NULL COMMENT '手机号',
  `telephone` varchar(30) DEFAULT NULL COMMENT '电话号码',
  `email` varchar(50) DEFAULT NULL COMMENT '邮箱',
  `last_password_reset_date` timestamp NULL DEFAULT NULL COMMENT '最后重置密码时间',
  `birthday` date DEFAULT NULL COMMENT '生日',
  `sex` int(1) DEFAULT NULL COMMENT '性别 0：男  1；女  2：保密',
  `status` int(1) NOT NULL DEFAULT '0' COMMENT '状态(0：ENABLED:启用;  1:DISABLED:禁用; 2:DELETE:逻辑删除)',
  `createTime` timestamp NULL DEFAULT NULL COMMENT '创建时间',
  `updateTime` timestamp NULL DEFAULT NULL COMMENT '更新时间',
  PRIMARY KEY (`id`),
  UNIQUE KEY `username` (`username`) USING BTREE
) ENGINE=InnoDB DEFAULT CHARSET=utf8mb4;

/*Data for the table `sys_user` */

insert  into `sys_user`(`id`,`username`,`password`,`nickname`,`headImgUrl`,`phone`,`telephone`,`email`,`last_password_reset_date`,`birthday`,`sex`,`status`,`createTime`,`updateTime`) values ('1','admin','$2a$10$UC3MNANdbA4v2A9lCQtuWeac8gm5pcZPqsciPdrSP8eVmgmfvcNie','管理员',NULL,'','18911111111','rhf@163.com','2018-01-24 14:12:29','1998-07-01',0,0,'2017-04-10 15:21:38','2018-01-17 15:58:52'),('405397164576346112','fh','$2a$10$MGouRzvNxvn1mfpDkoACROGgrcFN06KRGrkafxjmFpSqE6ZZLF3fK','fh',NULL,NULL,'18671620000','1111@163.com','2018-01-23 16:23:35',NULL,NULL,0,'2018-01-23 16:23:35',NULL);

/*!40101 SET SQL_MODE=@OLD_SQL_MODE */;
/*!40014 SET FOREIGN_KEY_CHECKS=@OLD_FOREIGN_KEY_CHECKS */;
/*!40014 SET UNIQUE_CHECKS=@OLD_UNIQUE_CHECKS */;
/*!40111 SET SQL_NOTES=@OLD_SQL_NOTES */;
